{
    "Author":"Leo Zacharry",
    "Language":"English-US",
    "Encode":"UTF-8",
    "Error":[
        { "resume":true, "id":"a0xj0s1" , "code":"MIRA" ,"msg":"Null !"},
        { "resume":true, "id":"a0xj001" , "code":"MIRA_2001" ,"msg":"(CLIENT) connection was successful. %s"},
        { "resume":false, "id":"a0xj002" , "code":"MIRA_2002" ,"msg":"(SERVER) server startup failed. %s"},
        { "resume":false, "id":"w0xj001" , "code":"MIRA_3001" ,"msg":"(CLIENT) user (%s) access denied to (%s) database"},
        { "resume":false, "id":"e0xj001" , "code":"MIRA_3002" ,"msg":"(CLIENT) access denied (%s)"},
        { "resume":false, "id":"e0xj002" , "code":"MIRA_2003" ,"msg":"(CLIENT) your client version rejected by the server %s"},
        { "resume":false, "id":"e0xje01" , "code":"MIRA_1001" ,"msg": "(DATABASE) you have an error in your MIRA syntax %s"},
        { "resume":false, "id":"e0xje02" , "code":"MIRA_1002" ,"msg": "(DATABASE) unknow query -> (%s)"},
        { "resume":false, "id":"e0xje02a" , "code":"MIRA_10021" ,"msg": "(QUERY) lastof column cannot be deleted %s"},
        { "resume":false, "id":"e0xje03" , "code":"MIRA_1003" ,"msg": "(QUERY) you have an error in your (UPDATE query) %s"},
        { "resume":false, "id":"e0xje04" , "code":"MIRA_1004" ,"msg": "(QUERY) you have an error in your (SELECT query) %s"},
        { "resume":false, "id":"e0xje05" , "code":"MIRA_3003" ,"msg": "(FILE SYSTEM ERROR) database file is damaged %s"},
        { "resume":false, "id":"e0xje06" , "code":"MIRA_3004" ,"msg": "(DATABASE) cannot read table (%s) from database"},
        { "resume":false, "id":"e0xje07" , "code":"MIRA_3005" ,"msg":  "(DATABASE) cannot read column (%s) to (%s) from table" },
        { "resume":false, "id":"e0xje08" , "code":"MIRA_10051" ,"msg": "(DATABASE) you have an error in your (INSERT query) %s table or column"},
        { "resume":false, "id":"e0xje09" , "code":"MIRA_1006" ,"msg": "(DATABASE) you have an error in your (CREATE query) %s"},
        { "resume":false, "id":"e0xje10" , "code":"MIRA_1007" ,"msg": "(DATABASE) cannot create database (%s) illegal or ambiguous name -> permitted only [0-9,a-z,A-Z_]"},
        { "resume":false, "id":"e0xje11" , "code":"MIRA_1008" ,"msg": "(DATABASE) cannot create table (%s) illegal or ambiguous name -> permitted only [0-9,a-z,A-Z_]"},
        { "resume":false, "id":"e0xje12" , "code":"MIRA_2004" ,"msg": "(FILE SYSTEM ERROR) cannot open database (%s) damaged or unreadable"},
        { "resume":false, "id":"e0xje213" , "code":"MIRA_2005" ,"msg": "(FILE SYSTEM ERROR) database file is damaged or not exist (%s)"},
        { "resume":false, "id":"e0xje13" , "code":"MIRA_20051" ,"msg": "(FILE SYSTEM ERROR) database folder does not exist (%s)"},
        { "resume":false, "id":"e0xje14" , "code":"MIRA_3006" ,"msg": "(CLIENT) permission denied type:('%s')"},
        { "resume":false, "id":"e0xje16" , "code":"MIRA_1009" ,"msg":"(QUERY) you have an error in your query (%s)"},
        { "resume":false, "id":"e0xje17" , "code":"MIRA_3008" ,"msg":"(CLIENT) empty database (name) in connection string %s"},
        { "resume":false, "id":"e0xjl01" , "code":"MIRA_2006" ,"msg":"(CLIENT) could not open configuration file! -> '%s'"},
        { "resume":false, "id":"e0xjl02" , "code":"MIRA_3011" ,"msg":"(CLIENT) username or password not recognized %s"},
        { "resume":false, "id":"e0xjl03" , "code":"MIRA_2007" ,"msg":"(CLIENT) cannot open database! '%s'"},
        { "resume":false, "id":"e0xjl04" , "code":"MIRA_2008" ,"msg":"(CLIENT) cannot open policy file '%s'"},
        { "resume":false, "id":"e0xjl05" , "code":"MIRA_2009" ,"msg":"(DATABASE) unknown file format '%s'"},
        { "resume":false, "id":"e0xj0s1" , "code":"MIRA_2010" ,"msg":"(DATABASE) unknown file header %s"},
        { "resume":false, "id":"e0xj0s2" , "code":"MIRA_3012" ,"msg":"(CLIENT) send data fails (%s)"},
        { "resume":false, "id":"e0xj0s3" , "code":"MIRA_3013" ,"msg":"(DATABASE) send data fails %s"},
        { "resume":false, "id":"e0xj0s4" , "code":"MIRA_3014" ,"msg":"(AUTH) authentication fail (%s)"}, 
        { "resume":false, "id":"e0xj0s5" , "code":"MIRA_3015" ,"msg":"(CLIENT) client disconnect fail %s"},
        { "resume":false, "id":"e0xj0s6" , "code":"MIRA_3016" ,"msg":"(CLIENT) client connect fail %s"},
        { "resume":false, "id":"w0xj0s1" , "code":"MIRA_3017" ,"msg":"(CLIENT) Disconnected '%s'"},
        { "resume":false, "id":"w0xj0s2" , "code":"MIRA_3018" ,"msg":"(CLIENT) Connected '%s'"},   
        { "resume":false, "id":"w0xj0s3" , "code":"MIRA_30181","msg":"(CLIENT) Accept Waiting '%s'"},    
        { "resume":false, "id":"w0xjs03" , "code":"MIRA_1010" ,"msg":"(DATABASE) A database with the (%s) already exists."},    
        { "resume":false, "id":"w0xjs04" , "code":"MIRA_1011" ,"msg":"(FILE SYSTEM) cannot remove database '%s' !"},  
        { "resume":false, "id":"w0xjs05" , "code":"MIRA_1012" ,"msg":"(FILE SYSTEM) cannot remove table '%s !"}, 
        { "resume":false, "id":"w0xjs06" , "code":"MIRA_1013" ,"msg":"(DATABASE) table (%s) already exists!"}, 
        { "resume":false, "id":"w0xjs07" , "code":"MIRA_1014" ,"msg":"(FILE SYSTEM) cannot open table (%s) damaged or unreadable!"}, 
        { "resume":false, "id":"e0xj0s7" , "code":"MIRA_3019" ,"msg":"(SYSTEM) module error '%s'"}, 
        { "resume":false, "id":"e0xj0s8" , "code":"MIRA_3020" ,"msg":"(SYSTEM) runtime error '%s'"}, 
        { "resume":false, "id":"e0xj0s9" , "code":"MIRA_1015" ,"msg":"(SYSTEM) cannot drop database %s"}, 
        { "resume":false, "id":"e0xjs10" , "code":"MIRA_1016" ,"msg":"(SYSTEM) cannot drop table %s"}, 
        { "resume":false, "id":"e0xjs11" , "code":"MIRA_1017" ,"msg":"(FILE SYSTEM) cannot read database %s"}, 
        { "resume":false, "id":"e0xjs12" , "code":"MIRA_1018" ,"msg":"(FILE SYSTEM) cannot remove database %s"}, 
        { "resume":false, "id":"e0xjs13" , "code":"MIRA_1019" ,"msg":"(DATABASE) duplicate keys (%s) are not allowed"},
        { "resume":false, "id":"e0xjs14" , "code":"MIRA_1020" ,"msg":"(FILE SYSTEM) cannot creat database %s"},
        { "resume":false, "id":"e0xjs15" , "code":"MIRA_1021" ,"msg":"(FILE SYSTEM) cannot build database %s"},
        { "resume":false, "id":"e0xjs16" , "code":"MIRA_1022" ,"msg":"(FILE SYSTEM) cannot creat table %s"},
        { "resume":false, "id":"e0xjs17" , "code":"MIRA_1023" ,"msg":"(FILE SYSTEM) cannot open table %s"},
        { "resume":false, "id":"e0xjm01" , "code":"MIRA_6379" ,"msg":"(QUERY) search string : (%s) cannot be found in table"},
        { "resume":false, "id":"e0xjm02" , "code":"MIRA_6310" ,"msg":"(QUERY) column not found : (%s) "},
        { "resume":false, "id":"e0xjm03" , "code":"MIRA_6209" ,"msg" :"(QUERY) %s Unknow Error "},
        { "resume":false, "id":"e0xjm04" , "code":"MIRA_6309" ,"msg" :"(QUERY) %s (VALUE) missing"},
        { "resume":false, "id":"e0xjm041" , "code":"MIRA_63091","msg":"(QUERY) %s (INDEX) missing"},
        { "resume":false, "id":"e0xjm041a", "code":"MIRA_6910" ,"msg":"(DATABASE) (%s) table is empty"},
        { "resume":false, "id":"e0xjm05" , "code":"MIRA_6308" ,"msg":"(QUERY) %s (COLUMN) missing"},
        { "resume":false, "id":"e0xjm06" , "code":"MIRA_6068" ,"msg":"(QUERY) %s table missing"},
        { "resume":false, "id":"e0xjm07" , "code":"MIRA_6069" ,"msg":"(QUERY) %s database missing"},
        { "resume":false, "id":"e0xjm08" , "code":"MIRA_3610" ,"msg":"(SERVER) memory Limit Exceeded (%s)"}
    ]
}